Workbook

Sheet Resultados
A1: Nombre completo ✎ | H1: Encabezado en CSV | I1: Minuto | J1: ="Tu RC-5 · "&$B$1 | K1: ="Referencia · "&$B$1
A2: Código de alumno ✎ | H2: =IFERROR(MATCH("minuto",CSV!$A:$A,0),"") | I2: =IF($H$2="",NA(),IF(INDEX(CSV!$A:$A,$H$2+1)="",NA(),INDEX(CSV!$A:$A,$H$2+1)*1)) | J2: =IF($H$2="",NA(),IF(INDEX(CSV!$B:$B,$H$2+1)="",NA(),INDEX(CSV!$B:$B,$H$2+1)*1)) | K2: =IF($H$2="",NA(),IF(INDEX(CSV!$C:$C,$H$2+1)="",NA(),INDEX(CSV!$C:$C,$H$2+1)*1))
A3: Código en el CSV | B3: =IFERROR(VLOOKUP("codigo",CSV!$A:$B,2,FALSE),"") | I3: =IF($H$2="",NA(),IF(INDEX(CSV!$A:$A,$H$2+2)="",NA(),INDEX(CSV!$A:$A,$H$2+2)*1)) | J3: =IF($H$2="",NA(),IF(INDEX(CSV!$B:$B,$H$2+2)="",NA(),INDEX(CSV!$B:$B,$H$2+2)*1)) | K3: =IF($H$2="",NA(),IF(INDEX(CSV!$C:$C,$H$2+2)="",NA(),INDEX(CSV!$C:$C,$H$2+2)*1))
A4: Verificación | B4: =IF(B3="","Importa tu CSV",IF(B2="","Escribe tu código",IF(TRIM(B3&"")=TRIM(B2&""),"OK","NO COINCIDE"))) | I4: =IF($H$2="",NA(),IF(INDEX(CSV!$A:$A,$H$2+3)="",NA(),INDEX(CSV!$A:$A,$H$2+3)*1)) | J4: =IF($H$2="",NA(),IF(INDEX(CSV!$B:$B,$H$2+3)="",NA(),INDEX(CSV!$B:$B,$H$2+3)*1)) | K4: =IF($H$2="",NA(),IF(INDEX(CSV!$C:$C,$H$2+3)="",NA(),INDEX(CSV!$C:$C,$H$2+3)*1))
A5: Huella del cuaderno | B5: =IFERROR(VLOOKUP("huella",CSV!$A:$B,2,FALSE),"") | I5: =IF($H$2="",NA(),IF(INDEX(CSV!$A:$A,$H$2+4)="",NA(),INDEX(CSV!$A:$A,$H$2+4)*1)) | J5: =IF($H$2="",NA(),IF(INDEX(CSV!$B:$B,$H$2+4)="",NA(),INDEX(CSV!$B:$B,$H$2+4)*1)) | K5: =IF($H$2="",NA(),IF(INDEX(CSV!$C:$C,$H$2+4)="",NA(),INDEX(CSV!$C:$C,$H$2+4)*1))
A6: Sesión | B6: =IFERROR(VLOOKUP("sesion",CSV!$A:$B,2,FALSE),"") | I6: =IF($H$2="",NA(),IF(INDEX(CSV!$A:$A,$H$2+5)="",NA(),INDEX(CSV!$A:$A,$H$2+5)*1)) | J6: =IF($H$2="",NA(),IF(INDEX(CSV!$B:$B,$H$2+5)="",NA(),INDEX(CSV!$B:$B,$H$2+5)*1)) | K6: =IF($H$2="",NA(),IF(INDEX(CSV!$C:$C,$H$2+5)="",NA(),INDEX(CSV!$C:$C,$H$2+5)*1))
A7: Fuente de los datos | B7: =IFERROR(VLOOKUP("fuente",CSV!$A:$B,2,FALSE),"") | I7: =IF($H$2="",NA(),IF(INDEX(CSV!$A:$A,$H$2+6)="",NA(),INDEX(CSV!$A:$A,$H$2+6)*1)) | J7: =IF($H$2="",NA(),IF(INDEX(CSV!$B:$B,$H$2+6)="",NA(),INDEX(CSV!$B:$B,$H$2+6)*1)) | K7: =IF($H$2="",NA(),IF(INDEX(CSV!$C:$C,$H$2+6)="",NA(),INDEX(CSV!$C:$C,$H$2+6)*1))
A8: Registrador | B8: =IFERROR(VLOOKUP("registrador",CSV!$A:$B,2,FALSE),"") | I8: =IF($H$2="",NA(),IF(INDEX(CSV!$A:$A,$H$2+7)="",NA(),INDEX(CSV!$A:$A,$H$2+7)*1)) | J8: =IF($H$2="",NA(),IF(INDEX(CSV!$B:$B,$H$2+7)="",NA(),INDEX(CSV!$B:$B,$H$2+7)*1)) | K8: =IF($H$2="",NA(),IF(INDEX(CSV!$C:$C,$H$2+7)="",NA(),INDEX(CSV!$C:$C,$H$2+7)*1))
A9: Ventana | B9: =IFERROR(VLOOKUP("ventana",CSV!$A:$B,2,FALSE),"") | I9: =IF($H$2="",NA(),IF(INDEX(CSV!$A:$A,$H$2+8)="",NA(),INDEX(CSV!$A:$A,$H$2+8)*1)) | J9: =IF($H$2="",NA(),IF(INDEX(CSV!$B:$B,$H$2+8)="",NA(),INDEX(CSV!$B:$B,$H$2+8)*1)) | K9: =IF($H$2="",NA(),IF(INDEX(CSV!$C:$C,$H$2+8)="",NA(),INDEX(CSV!$C:$C,$H$2+8)*1))
I10: =IF($H$2="",NA(),IF(INDEX(CSV!$A:$A,$H$2+9)="",NA(),INDEX(CSV!$A:$A,$H$2+9)*1)) | J10: =IF($H$2="",NA(),IF(INDEX(CSV!$B:$B,$H$2+9)="",NA(),INDEX(CSV!$B:$B,$H$2+9)*1)) | K10: =IF($H$2="",NA(),IF(INDEX(CSV!$C:$C,$H$2+9)="",NA(),INDEX(CSV!$C:$C,$H$2+9)*1))
A11: Tus resultados | I11: =IF($H$2="",NA(),IF(INDEX(CSV!$A:$A,$H$2+10)="",NA(),INDEX(CSV!$A:$A,$H$2+10)*1)) | J11: =IF($H$2="",NA(),IF(INDEX(CSV!$B:$B,$H$2+10)="",NA(),INDEX(CSV!$B:$B,$H$2+10)*1)) | K11: =IF($H$2="",NA(),IF(INDEX(CSV!$C:$C,$H$2+10)="",NA(),INDEX(CSV!$C:$C,$H$2+10)*1))
A12: ★ Incertidumbre tipo A, parte A (°C) | B12: =IFERROR(VLOOKUP("resultado:u_A",CSV!$A:$B,2,FALSE),"") | I12: =IF($H$2="",NA(),IF(INDEX(CSV!$A:$A,$H$2+11)="",NA(),INDEX(CSV!$A:$A,$H$2+11)*1)) | J12: =IF($H$2="",NA(),IF(INDEX(CSV!$B:$B,$H$2+11)="",NA(),INDEX(CSV!$B:$B,$H$2+11)*1)) | K12: =IF($H$2="",NA(),IF(INDEX(CSV!$C:$C,$H$2+11)="",NA(),INDEX(CSV!$C:$C,$H$2+11)*1))
A13: Incertidumbre tipo B del fabricante (°C) | B13: =IFERROR(VLOOKUP("resultado:u_fab",CSV!$A:$B,2,FALSE),"") | I13: =IF($H$2="",NA(),IF(INDEX(CSV!$A:$A,$H$2+12)="",NA(),INDEX(CSV!$A:$A,$H$2+12)*1)) | J13: =IF($H$2="",NA(),IF(INDEX(CSV!$B:$B,$H$2+12)="",NA(),INDEX(CSV!$B:$B,$H$2+12)*1)) | K13: =IF($H$2="",NA(),IF(INDEX(CSV!$C:$C,$H$2+12)="",NA(),INDEX(CSV!$C:$C,$H$2+12)*1))
A14: Incertidumbre combinada (°C) | B14: =IFERROR(VLOOKUP("resultado:u_c",CSV!$A:$B,2,FALSE),"") | I14: =IF($H$2="",NA(),IF(INDEX(CSV!$A:$A,$H$2+13)="",NA(),INDEX(CSV!$A:$A,$H$2+13)*1)) | J14: =IF($H$2="",NA(),IF(INDEX(CSV!$B:$B,$H$2+13)="",NA(),INDEX(CSV!$B:$B,$H$2+13)*1)) | K14: =IF($H$2="",NA(),IF(INDEX(CSV!$C:$C,$H$2+13)="",NA(),INDEX(CSV!$C:$C,$H$2+13)*1))
A15: Incertidumbre expandida, k = 2 (°C) | B15: =IFERROR(VLOOKUP("resultado:U_exp",CSV!$A:$B,2,FALSE),"") | I15: =IF($H$2="",NA(),IF(INDEX(CSV!$A:$A,$H$2+14)="",NA(),INDEX(CSV!$A:$A,$H$2+14)*1)) | J15: =IF($H$2="",NA(),IF(INDEX(CSV!$B:$B,$H$2+14)="",NA(),INDEX(CSV!$B:$B,$H$2+14)*1)) | K15: =IF($H$2="",NA(),IF(INDEX(CSV!$C:$C,$H$2+14)="",NA(),INDEX(CSV!$C:$C,$H$2+14)*1))
A16: Diferencia con la referencia, parte A (°C) | B16: =IFERROR(VLOOKUP("resultado:delta_C",CSV!$A:$B,2,FALSE),"") | I16: =IF($H$2="",NA(),IF(INDEX(CSV!$A:$A,$H$2+15)="",NA(),INDEX(CSV!$A:$A,$H$2+15)*1)) | J16: =IF($H$2="",NA(),IF(INDEX(CSV!$B:$B,$H$2+15)="",NA(),INDEX(CSV!$B:$B,$H$2+15)*1)) | K16: =IF($H$2="",NA(),IF(INDEX(CSV!$C:$C,$H$2+15)="",NA(),INDEX(CSV!$C:$C,$H$2+15)*1))
A17: Incertidumbre tipo A de tu RC-5 (°C) | B17: =IFERROR(VLOOKUP("resultado:u_A_rc5",CSV!$A:$B,2,FALSE),"") | I17: =IF($H$2="",NA(),IF(INDEX(CSV!$A:$A,$H$2+16)="",NA(),INDEX(CSV!$A:$A,$H$2+16)*1)) | J17: =IF($H$2="",NA(),IF(INDEX(CSV!$B:$B,$H$2+16)="",NA(),INDEX(CSV!$B:$B,$H$2+16)*1)) | K17: =IF($H$2="",NA(),IF(INDEX(CSV!$C:$C,$H$2+16)="",NA(),INDEX(CSV!$C:$C,$H$2+16)*1))
A18: Incertidumbre expandida de tu RC-5 (°C) | B18: =IFERROR(VLOOKUP("resultado:U_rc5",CSV!$A:$B,2,FALSE),"") | I18: =IF($H$2="",NA(),IF(INDEX(CSV!$A:$A,$H$2+17)="",NA(),INDEX(CSV!$A:$A,$H$2+17)*1)) | J18: =IF($H$2="",NA(),IF(INDEX(CSV!$B:$B,$H$2+17)="",NA(),INDEX(CSV!$B:$B,$H$2+17)*1)) | K18: =IF($H$2="",NA(),IF(INDEX(CSV!$C:$C,$H$2+17)="",NA(),INDEX(CSV!$C:$C,$H$2+17)*1))
A19: Diferencia de tu RC-5 con la referencia (°C) | B19: =IFERROR(VLOOKUP("resultado:delta_rc5",CSV!$A:$B,2,FALSE),"") | I19: =IF($H$2="",NA(),IF(INDEX(CSV!$A:$A,$H$2+18)="",NA(),INDEX(CSV!$A:$A,$H$2+18)*1)) | J19: =IF($H$2="",NA(),IF(INDEX(CSV!$B:$B,$H$2+18)="",NA(),INDEX(CSV!$B:$B,$H$2+18)*1)) | K19: =IF($H$2="",NA(),IF(INDEX(CSV!$C:$C,$H$2+18)="",NA(),INDEX(CSV!$C:$C,$H$2+18)*1))
I20: =IF($H$2="",NA(),IF(INDEX(CSV!$A:$A,$H$2+19)="",NA(),INDEX(CSV!$A:$A,$H$2+19)*1)) | J20: =IF($H$2="",NA(),IF(INDEX(CSV!$B:$B,$H$2+19)="",NA(),INDEX(CSV!$B:$B,$H$2+19)*1)) | K20: =IF($H$2="",NA(),IF(INDEX(CSV!$C:$C,$H$2+19)="",NA(),INDEX(CSV!$C:$C,$H$2+19)*1))
A21: Predicho contra obtenido | I21: =IF($H$2="",NA(),IF(INDEX(CSV!$A:$A,$H$2+20)="",NA(),INDEX(CSV!$A:$A,$H$2+20)*1)) | J21: =IF($H$2="",NA(),IF(INDEX(CSV!$B:$B,$H$2+20)="",NA(),INDEX(CSV!$B:$B,$H$2+20)*1)) | K21: =IF($H$2="",NA(),IF(INDEX(CSV!$C:$C,$H$2+20)="",NA(),INDEX(CSV!$C:$C,$H$2+20)*1))
A22: ¿Tu RC-5 es compatible con la referencia? (|diferencia| ≤ U) | B22: =IF(OR(B18="",B19=""),"",IF(ABS(B19)<=B18,"Sí","No")) | I22: =IF($H$2="",NA(),IF(INDEX(CSV!$A:$A,$H$2+21)="",NA(),INDEX(CSV!$A:$A,$H$2+21)*1)) | J22: =IF($H$2="",NA(),IF(INDEX(CSV!$B:$B,$H$2+21)="",NA(),INDEX(CSV!$B:$B,$H$2+21)*1)) | K22: =IF($H$2="",NA(),IF(INDEX(CSV!$C:$C,$H$2+21)="",NA(),INDEX(CSV!$C:$C,$H$2+21)*1))
I23: =IF($H$2="",NA(),IF(INDEX(CSV!$A:$A,$H$2+22)="",NA(),INDEX(CSV!$A:$A,$H$2+22)*1)) | J23: =IF($H$2="",NA(),IF(INDEX(CSV!$B:$B,$H$2+22)="",NA(),INDEX(CSV!$B:$B,$H$2+22)*1)) | K23: =IF($H$2="",NA(),IF(INDEX(CSV!$C:$C,$H$2+22)="",NA(),INDEX(CSV!$C:$C,$H$2+22)*1))
A24: Preguntas del reporte ✎ | I24: =IF($H$2="",NA(),IF(INDEX(CSV!$A:$A,$H$2+23)="",NA(),INDEX(CSV!$A:$A,$H$2+23)*1)) | J24: =IF($H$2="",NA(),IF(INDEX(CSV!$B:$B,$H$2+23)="",NA(),INDEX(CSV!$B:$B,$H$2+23)*1)) | K24: =IF($H$2="",NA(),IF(INDEX(CSV!$C:$C,$H$2+23)="",NA(),INDEX(CSV!$C:$C,$H$2+23)*1))
A25: 1. ¿Qué pesa más en la incertidumbre de tu RC-5, el ruido de las lecturas o la exactitud del fabricante? Usa tus números. | I25: =IF($H$2="",NA(),IF(INDEX(CSV!$A:$A,$H$2+24)="",NA(),INDEX(CSV!$A:$A,$H$2+24)*1)) | J25: =IF($H$2="",NA(),IF(INDEX(CSV!$B:$B,$H$2+24)="",NA(),INDEX(CSV!$B:$B,$H$2+24)*1)) | K25: =IF($H$2="",NA(),IF(INDEX(CSV!$C:$C,$H$2+24)="",NA(),INDEX(CSV!$C:$C,$H$2+24)*1))
A26: 2. Si tu RC-5 no fuera compatible, ¿qué harías antes de usarlo en una auditoría? | I26: =IF($H$2="",NA(),IF(INDEX(CSV!$A:$A,$H$2+25)="",NA(),INDEX(CSV!$A:$A,$H$2+25)*1)) | J26: =IF($H$2="",NA(),IF(INDEX(CSV!$B:$B,$H$2+25)="",NA(),INDEX(CSV!$B:$B,$H$2+25)*1)) | K26: =IF($H$2="",NA(),IF(INDEX(CSV!$C:$C,$H$2+25)="",NA(),INDEX(CSV!$C:$C,$H$2+25)*1))
I27: =IF($H$2="",NA(),IF(INDEX(CSV!$A:$A,$H$2+26)="",NA(),INDEX(CSV!$A:$A,$H$2+26)*1)) | J27: =IF($H$2="",NA(),IF(INDEX(CSV!$B:$B,$H$2+26)="",NA(),INDEX(CSV!$B:$B,$H$2+26)*1)) | K27: =IF($H$2="",NA(),IF(INDEX(CSV!$C:$C,$H$2+26)="",NA(),INDEX(CSV!$C:$C,$H$2+26)*1))
A28: La gráfica se arma sola al importar tu CSV. Cambia su título por tu nombre (doble clic en el título); la leyenda ya lo toma de B1. | I28: =IF($H$2="",NA(),IF(INDEX(CSV!$A:$A,$H$2+27)="",NA(),INDEX(CSV!$A:$A,$H$2+27)*1)) | J28: =IF($H$2="",NA(),IF(INDEX(CSV!$B:$B,$H$2+27)="",NA(),INDEX(CSV!$B:$B,$H$2+27)*1)) | K28: =IF($H$2="",NA(),IF(INDEX(CSV!$C:$C,$H$2+27)="",NA(),INDEX(CSV!$C:$C,$H$2+27)*1))
I29: =IF($H$2="",NA(),IF(INDEX(CSV!$A:$A,$H$2+28)="",NA(),INDEX(CSV!$A:$A,$H$2+28)*1)) | J29: =IF($H$2="",NA(),IF(INDEX(CSV!$B:$B,$H$2+28)="",NA(),INDEX(CSV!$B:$B,$H$2+28)*1)) | K29: =IF($H$2="",NA(),IF(INDEX(CSV!$C:$C,$H$2+28)="",NA(),INDEX(CSV!$C:$C,$H$2+28)*1))
I30: =IF($H$2="",NA(),IF(INDEX(CSV!$A:$A,$H$2+29)="",NA(),INDEX(CSV!$A:$A,$H$2+29)*1)) | J30: =IF($H$2="",NA(),IF(INDEX(CSV!$B:$B,$H$2+29)="",NA(),INDEX(CSV!$B:$B,$H$2+29)*1)) | K30: =IF($H$2="",NA(),IF(INDEX(CSV!$C:$C,$H$2+29)="",NA(),INDEX(CSV!$C:$C,$H$2+29)*1))
I31: =IF($H$2="",NA(),IF(INDEX(CSV!$A:$A,$H$2+30)="",NA(),INDEX(CSV!$A:$A,$H$2+30)*1)) | J31: =IF($H$2="",NA(),IF(INDEX(CSV!$B:$B,$H$2+30)="",NA(),INDEX(CSV!$B:$B,$H$2+30)*1)) | K31: =IF($H$2="",NA(),IF(INDEX(CSV!$C:$C,$H$2+30)="",NA(),INDEX(CSV!$C:$C,$H$2+30)*1))
I32: =IF($H$2="",NA(),IF(INDEX(CSV!$A:$A,$H$2+31)="",NA(),INDEX(CSV!$A:$A,$H$2+31)*1)) | J32: =IF($H$2="",NA(),IF(INDEX(CSV!$B:$B,$H$2+31)="",NA(),INDEX(CSV!$B:$B,$H$2+31)*1)) | K32: =IF($H$2="",NA(),IF(INDEX(CSV!$C:$C,$H$2+31)="",NA(),INDEX(CSV!$C:$C,$H$2+31)*1))
I33: =IF($H$2="",NA(),IF(INDEX(CSV!$A:$A,$H$2+32)="",NA(),INDEX(CSV!$A:$A,$H$2+32)*1)) | J33: =IF($H$2="",NA(),IF(INDEX(CSV!$B:$B,$H$2+32)="",NA(),INDEX(CSV!$B:$B,$H$2+32)*1)) | K33: =IF($H$2="",NA(),IF(INDEX(CSV!$C:$C,$H$2+32)="",NA(),INDEX(CSV!$C:$C,$H$2+32)*1))
I34: =IF($H$2="",NA(),IF(INDEX(CSV!$A:$A,$H$2+33)="",NA(),INDEX(CSV!$A:$A,$H$2+33)*1)) | J34: =IF($H$2="",NA(),IF(INDEX(CSV!$B:$B,$H$2+33)="",NA(),INDEX(CSV!$B:$B,$H$2+33)*1)) | K34: =IF($H$2="",NA(),IF(INDEX(CSV!$C:$C,$H$2+33)="",NA(),INDEX(CSV!$C:$C,$H$2+33)*1))
I35: =IF($H$2="",NA(),IF(INDEX(CSV!$A:$A,$H$2+34)="",NA(),INDEX(CSV!$A:$A,$H$2+34)*1)) | J35: =IF($H$2="",NA(),IF(INDEX(CSV!$B:$B,$H$2+34)="",NA(),INDEX(CSV!$B:$B,$H$2+34)*1)) | K35: =IF($H$2="",NA(),IF(INDEX(CSV!$C:$C,$H$2+34)="",NA(),INDEX(CSV!$C:$C,$H$2+34)*1))
I36: =IF($H$2="",NA(),IF(INDEX(CSV!$A:$A,$H$2+35)="",NA(),INDEX(CSV!$A:$A,$H$2+35)*1)) | J36: =IF($H$2="",NA(),IF(INDEX(CSV!$B:$B,$H$2+35)="",NA(),INDEX(CSV!$B:$B,$H$2+35)*1)) | K36: =IF($H$2="",NA(),IF(INDEX(CSV!$C:$C,$H$2+35)="",NA(),INDEX(CSV!$C:$C,$H$2+35)*1))
I37: =IF($H$2="",NA(),IF(INDEX(CSV!$A:$A,$H$2+36)="",NA(),INDEX(CSV!$A:$A,$H$2+36)*1)) | J37: =IF($H$2="",NA(),IF(INDEX(CSV!$B:$B,$H$2+36)="",NA(),INDEX(CSV!$B:$B,$H$2+36)*1)) | K37: =IF($H$2="",NA(),IF(INDEX(CSV!$C:$C,$H$2+36)="",NA(),INDEX(CSV!$C:$C,$H$2+36)*1))
I38: =IF($H$2="",NA(),IF(INDEX(CSV!$A:$A,$H$2+37)="",NA(),INDEX(CSV!$A:$A,$H$2+37)*1)) | J38: =IF($H$2="",NA(),IF(INDEX(CSV!$B:$B,$H$2+37)="",NA(),INDEX(CSV!$B:$B,$H$2+37)*1)) | K38: =IF($H$2="",NA(),IF(INDEX(CSV!$C:$C,$H$2+37)="",NA(),INDEX(CSV!$C:$C,$H$2+37)*1))
I39: =IF($H$2="",NA(),IF(INDEX(CSV!$A:$A,$H$2+38)="",NA(),INDEX(CSV!$A:$A,$H$2+38)*1)) | J39: =IF($H$2="",NA(),IF(INDEX(CSV!$B:$B,$H$2+38)="",NA(),INDEX(CSV!$B:$B,$H$2+38)*1)) | K39: =IF($H$2="",NA(),IF(INDEX(CSV!$C:$C,$H$2+38)="",NA(),INDEX(CSV!$C:$C,$H$2+38)*1))
I40: =IF($H$2="",NA(),IF(INDEX(CSV!$A:$A,$H$2+39)="",NA(),INDEX(CSV!$A:$A,$H$2+39)*1)) | J40: =IF($H$2="",NA(),IF(INDEX(CSV!$B:$B,$H$2+39)="",NA(),INDEX(CSV!$B:$B,$H$2+39)*1)) | K40: =IF($H$2="",NA(),IF(INDEX(CSV!$C:$C,$H$2+39)="",NA(),INDEX(CSV!$C:$C,$H$2+39)*1))
I41: =IF($H$2="",NA(),IF(INDEX(CSV!$A:$A,$H$2+40)="",NA(),INDEX(CSV!$A:$A,$H$2+40)*1)) | J41: =IF($H$2="",NA(),IF(INDEX(CSV!$B:$B,$H$2+40)="",NA(),INDEX(CSV!$B:$B,$H$2+40)*1)) | K41: =IF($H$2="",NA(),IF(INDEX(CSV!$C:$C,$H$2+40)="",NA(),INDEX(CSV!$C:$C,$H$2+40)*1))
I42: =IF($H$2="",NA(),IF(INDEX(CSV!$A:$A,$H$2+41)="",NA(),INDEX(CSV!$A:$A,$H$2+41)*1)) | J42: =IF($H$2="",NA(),IF(INDEX(CSV!$B:$B,$H$2+41)="",NA(),INDEX(CSV!$B:$B,$H$2+41)*1)) | K42: =IF($H$2="",NA(),IF(INDEX(CSV!$C:$C,$H$2+41)="",NA(),INDEX(CSV!$C:$C,$H$2+41)*1))
I43: =IF($H$2="",NA(),IF(INDEX(CSV!$A:$A,$H$2+42)="",NA(),INDEX(CSV!$A:$A,$H$2+42)*1)) | J43: =IF($H$2="",NA(),IF(INDEX(CSV!$B:$B,$H$2+42)="",NA(),INDEX(CSV!$B:$B,$H$2+42)*1)) | K43: =IF($H$2="",NA(),IF(INDEX(CSV!$C:$C,$H$2+42)="",NA(),INDEX(CSV!$C:$C,$H$2+42)*1))
I44: =IF($H$2="",NA(),IF(INDEX(CSV!$A:$A,$H$2+43)="",NA(),INDEX(CSV!$A:$A,$H$2+43)*1)) | J44: =IF($H$2="",NA(),IF(INDEX(CSV!$B:$B,$H$2+43)="",NA(),INDEX(CSV!$B:$B,$H$2+43)*1)) | K44: =IF($H$2="",NA(),IF(INDEX(CSV!$C:$C,$H$2+43)="",NA(),INDEX(CSV!$C:$C,$H$2+43)*1))
I45: =IF($H$2="",NA(),IF(INDEX(CSV!$A:$A,$H$2+44)="",NA(),INDEX(CSV!$A:$A,$H$2+44)*1)) | J45: =IF($H$2="",NA(),IF(INDEX(CSV!$B:$B,$H$2+44)="",NA(),INDEX(CSV!$B:$B,$H$2+44)*1)) | K45: =IF($H$2="",NA(),IF(INDEX(CSV!$C:$C,$H$2+44)="",NA(),INDEX(CSV!$C:$C,$H$2+44)*1))
I46: =IF($H$2="",NA(),IF(INDEX(CSV!$A:$A,$H$2+45)="",NA(),INDEX(CSV!$A:$A,$H$2+45)*1)) | J46: =IF($H$2="",NA(),IF(INDEX(CSV!$B:$B,$H$2+45)="",NA(),INDEX(CSV!$B:$B,$H$2+45)*1)) | K46: =IF($H$2="",NA(),IF(INDEX(CSV!$C:$C,$H$2+45)="",NA(),INDEX(CSV!$C:$C,$H$2+45)*1))
I47: =IF($H$2="",NA(),IF(INDEX(CSV!$A:$A,$H$2+46)="",NA(),INDEX(CSV!$A:$A,$H$2+46)*1)) | J47: =IF($H$2="",NA(),IF(INDEX(CSV!$B:$B,$H$2+46)="",NA(),INDEX(CSV!$B:$B,$H$2+46)*1)) | K47: =IF($H$2="",NA(),IF(INDEX(CSV!$C:$C,$H$2+46)="",NA(),INDEX(CSV!$C:$C,$H$2+46)*1))
I48: =IF($H$2="",NA(),IF(INDEX(CSV!$A:$A,$H$2+47)="",NA(),INDEX(CSV!$A:$A,$H$2+47)*1)) | J48: =IF($H$2="",NA(),IF(INDEX(CSV!$B:$B,$H$2+47)="",NA(),INDEX(CSV!$B:$B,$H$2+47)*1)) | K48: =IF($H$2="",NA(),IF(INDEX(CSV!$C:$C,$H$2+47)="",NA(),INDEX(CSV!$C:$C,$H$2+47)*1))
I49: =IF($H$2="",NA(),IF(INDEX(CSV!$A:$A,$H$2+48)="",NA(),INDEX(CSV!$A:$A,$H$2+48)*1)) | J49: =IF($H$2="",NA(),IF(INDEX(CSV!$B:$B,$H$2+48)="",NA(),INDEX(CSV!$B:$B,$H$2+48)*1)) | K49: =IF($H$2="",NA(),IF(INDEX(CSV!$C:$C,$H$2+48)="",NA(),INDEX(CSV!$C:$C,$H$2+48)*1))
I50: =IF($H$2="",NA(),IF(INDEX(CSV!$A:$A,$H$2+49)="",NA(),INDEX(CSV!$A:$A,$H$2+49)*1)) | J50: =IF($H$2="",NA(),IF(INDEX(CSV!$B:$B,$H$2+49)="",NA(),INDEX(CSV!$B:$B,$H$2+49)*1)) | K50: =IF($H$2="",NA(),IF(INDEX(CSV!$C:$C,$H$2+49)="",NA(),INDEX(CSV!$C:$C,$H$2+49)*1))
I51: =IF($H$2="",NA(),IF(INDEX(CSV!$A:$A,$H$2+50)="",NA(),INDEX(CSV!$A:$A,$H$2+50)*1)) | J51: =IF($H$2="",NA(),IF(INDEX(CSV!$B:$B,$H$2+50)="",NA(),INDEX(CSV!$B:$B,$H$2+50)*1)) | K51: =IF($H$2="",NA(),IF(INDEX(CSV!$C:$C,$H$2+50)="",NA(),INDEX(CSV!$C:$C,$H$2+50)*1))
I52: =IF($H$2="",NA(),IF(INDEX(CSV!$A:$A,$H$2+51)="",NA(),INDEX(CSV!$A:$A,$H$2+51)*1)) | J52: =IF($H$2="",NA(),IF(INDEX(CSV!$B:$B,$H$2+51)="",NA(),INDEX(CSV!$B:$B,$H$2+51)*1)) | K52: =IF($H$2="",NA(),IF(INDEX(CSV!$C:$C,$H$2+51)="",NA(),INDEX(CSV!$C:$C,$H$2+51)*1))
I53: =IF($H$2="",NA(),IF(INDEX(CSV!$A:$A,$H$2+52)="",NA(),INDEX(CSV!$A:$A,$H$2+52)*1)) | J53: =IF($H$2="",NA(),IF(INDEX(CSV!$B:$B,$H$2+52)="",NA(),INDEX(CSV!$B:$B,$H$2+52)*1)) | K53: =IF($H$2="",NA(),IF(INDEX(CSV!$C:$C,$H$2+52)="",NA(),INDEX(CSV!$C:$C,$H$2+52)*1))
I54: =IF($H$2="",NA(),IF(INDEX(CSV!$A:$A,$H$2+53)="",NA(),INDEX(CSV!$A:$A,$H$2+53)*1)) | J54: =IF($H$2="",NA(),IF(INDEX(CSV!$B:$B,$H$2+53)="",NA(),INDEX(CSV!$B:$B,$H$2+53)*1)) | K54: =IF($H$2="",NA(),IF(INDEX(CSV!$C:$C,$H$2+53)="",NA(),INDEX(CSV!$C:$C,$H$2+53)*1))
I55: =IF($H$2="",NA(),IF(INDEX(CSV!$A:$A,$H$2+54)="",NA(),INDEX(CSV!$A:$A,$H$2+54)*1)) | J55: =IF($H$2="",NA(),IF(INDEX(CSV!$B:$B,$H$2+54)="",NA(),INDEX(CSV!$B:$B,$H$2+54)*1)) | K55: =IF($H$2="",NA(),IF(INDEX(CSV!$C:$C,$H$2+54)="",NA(),INDEX(CSV!$C:$C,$H$2+54)*1))
I56: =IF($H$2="",NA(),IF(INDEX(CSV!$A:$A,$H$2+55)="",NA(),INDEX(CSV!$A:$A,$H$2+55)*1)) | J56: =IF($H$2="",NA(),IF(INDEX(CSV!$B:$B,$H$2+55)="",NA(),INDEX(CSV!$B:$B,$H$2+55)*1)) | K56: =IF($H$2="",NA(),IF(INDEX(CSV!$C:$C,$H$2+55)="",NA(),INDEX(CSV!$C:$C,$H$2+55)*1))
I57: =IF($H$2="",NA(),IF(INDEX(CSV!$A:$A,$H$2+56)="",NA(),INDEX(CSV!$A:$A,$H$2+56)*1)) | J57: =IF($H$2="",NA(),IF(INDEX(CSV!$B:$B,$H$2+56)="",NA(),INDEX(CSV!$B:$B,$H$2+56)*1)) | K57: =IF($H$2="",NA(),IF(INDEX(CSV!$C:$C,$H$2+56)="",NA(),INDEX(CSV!$C:$C,$H$2+56)*1))
I58: =IF($H$2="",NA(),IF(INDEX(CSV!$A:$A,$H$2+57)="",NA(),INDEX(CSV!$A:$A,$H$2+57)*1)) | J58: =IF($H$2="",NA(),IF(INDEX(CSV!$B:$B,$H$2+57)="",NA(),INDEX(CSV!$B:$B,$H$2+57)*1)) | K58: =IF($H$2="",NA(),IF(INDEX(CSV!$C:$C,$H$2+57)="",NA(),INDEX(CSV!$C:$C,$H$2+57)*1))
I59: =IF($H$2="",NA(),IF(INDEX(CSV!$A:$A,$H$2+58)="",NA(),INDEX(CSV!$A:$A,$H$2+58)*1)) | J59: =IF($H$2="",NA(),IF(INDEX(CSV!$B:$B,$H$2+58)="",NA(),INDEX(CSV!$B:$B,$H$2+58)*1)) | K59: =IF($H$2="",NA(),IF(INDEX(CSV!$C:$C,$H$2+58)="",NA(),INDEX(CSV!$C:$C,$H$2+58)*1))
I60: =IF($H$2="",NA(),IF(INDEX(CSV!$A:$A,$H$2+59)="",NA(),INDEX(CSV!$A:$A,$H$2+59)*1)) | J60: =IF($H$2="",NA(),IF(INDEX(CSV!$B:$B,$H$2+59)="",NA(),INDEX(CSV!$B:$B,$H$2+59)*1)) | K60: =IF($H$2="",NA(),IF(INDEX(CSV!$C:$C,$H$2+59)="",NA(),INDEX(CSV!$C:$C,$H$2+59)*1))
I61: =IF($H$2="",NA(),IF(INDEX(CSV!$A:$A,$H$2+60)="",NA(),INDEX(CSV!$A:$A,$H$2+60)*1)) | J61: =IF($H$2="",NA(),IF(INDEX(CSV!$B:$B,$H$2+60)="",NA(),INDEX(CSV!$B:$B,$H$2+60)*1)) | K61: =IF($H$2="",NA(),IF(INDEX(CSV!$C:$C,$H$2+60)="",NA(),INDEX(CSV!$C:$C,$H$2+60)*1))
I62: =IF($H$2="",NA(),IF(INDEX(CSV!$A:$A,$H$2+61)="",NA(),INDEX(CSV!$A:$A,$H$2+61)*1)) | J62: =IF($H$2="",NA(),IF(INDEX(CSV!$B:$B,$H$2+61)="",NA(),INDEX(CSV!$B:$B,$H$2+61)*1)) | K62: =IF($H$2="",NA(),IF(INDEX(CSV!$C:$C,$H$2+61)="",NA(),INDEX(CSV!$C:$C,$H$2+61)*1))
I63: =IF($H$2="",NA(),IF(INDEX(CSV!$A:$A,$H$2+62)="",NA(),INDEX(CSV!$A:$A,$H$2+62)*1)) | J63: =IF($H$2="",NA(),IF(INDEX(CSV!$B:$B,$H$2+62)="",NA(),INDEX(CSV!$B:$B,$H$2+62)*1)) | K63: =IF($H$2="",NA(),IF(INDEX(CSV!$C:$C,$H$2+62)="",NA(),INDEX(CSV!$C:$C,$H$2+62)*1))
I64: =IF($H$2="",NA(),IF(INDEX(CSV!$A:$A,$H$2+63)="",NA(),INDEX(CSV!$A:$A,$H$2+63)*1)) | J64: =IF($H$2="",NA(),IF(INDEX(CSV!$B:$B,$H$2+63)="",NA(),INDEX(CSV!$B:$B,$H$2+63)*1)) | K64: =IF($H$2="",NA(),IF(INDEX(CSV!$C:$C,$H$2+63)="",NA(),INDEX(CSV!$C:$C,$H$2+63)*1))
I65: =IF($H$2="",NA(),IF(INDEX(CSV!$A:$A,$H$2+64)="",NA(),INDEX(CSV!$A:$A,$H$2+64)*1)) | J65: =IF($H$2="",NA(),IF(INDEX(CSV!$B:$B,$H$2+64)="",NA(),INDEX(CSV!$B:$B,$H$2+64)*1)) | K65: =IF($H$2="",NA(),IF(INDEX(CSV!$C:$C,$H$2+64)="",NA(),INDEX(CSV!$C:$C,$H$2+64)*1))
I66: =IF($H$2="",NA(),IF(INDEX(CSV!$A:$A,$H$2+65)="",NA(),INDEX(CSV!$A:$A,$H$2+65)*1)) | J66: =IF($H$2="",NA(),IF(INDEX(CSV!$B:$B,$H$2+65)="",NA(),INDEX(CSV!$B:$B,$H$2+65)*1)) | K66: =IF($H$2="",NA(),IF(INDEX(CSV!$C:$C,$H$2+65)="",NA(),INDEX(CSV!$C:$C,$H$2+65)*1))
I67: =IF($H$2="",NA(),IF(INDEX(CSV!$A:$A,$H$2+66)="",NA(),INDEX(CSV!$A:$A,$H$2+66)*1)) | J67: =IF($H$2="",NA(),IF(INDEX(CSV!$B:$B,$H$2+66)="",NA(),INDEX(CSV!$B:$B,$H$2+66)*1)) | K67: =IF($H$2="",NA(),IF(INDEX(CSV!$C:$C,$H$2+66)="",NA(),INDEX(CSV!$C:$C,$H$2+66)*1))
I68: =IF($H$2="",NA(),IF(INDEX(CSV!$A:$A,$H$2+67)="",NA(),INDEX(CSV!$A:$A,$H$2+67)*1)) | J68: =IF($H$2="",NA(),IF(INDEX(CSV!$B:$B,$H$2+67)="",NA(),INDEX(CSV!$B:$B,$H$2+67)*1)) | K68: =IF($H$2="",NA(),IF(INDEX(CSV!$C:$C,$H$2+67)="",NA(),INDEX(CSV!$C:$C,$H$2+67)*1))
I69: =IF($H$2="",NA(),IF(INDEX(CSV!$A:$A,$H$2+68)="",NA(),INDEX(CSV!$A:$A,$H$2+68)*1)) | J69: =IF($H$2="",NA(),IF(INDEX(CSV!$B:$B,$H$2+68)="",NA(),INDEX(CSV!$B:$B,$H$2+68)*1)) | K69: =IF($H$2="",NA(),IF(INDEX(CSV!$C:$C,$H$2+68)="",NA(),INDEX(CSV!$C:$C,$H$2+68)*1))
I70: =IF($H$2="",NA(),IF(INDEX(CSV!$A:$A,$H$2+69)="",NA(),INDEX(CSV!$A:$A,$H$2+69)*1)) | J70: =IF($H$2="",NA(),IF(INDEX(CSV!$B:$B,$H$2+69)="",NA(),INDEX(CSV!$B:$B,$H$2+69)*1)) | K70: =IF($H$2="",NA(),IF(INDEX(CSV!$C:$C,$H$2+69)="",NA(),INDEX(CSV!$C:$C,$H$2+69)*1))
I71: =IF($H$2="",NA(),IF(INDEX(CSV!$A:$A,$H$2+70)="",NA(),INDEX(CSV!$A:$A,$H$2+70)*1)) | J71: =IF($H$2="",NA(),IF(INDEX(CSV!$B:$B,$H$2+70)="",NA(),INDEX(CSV!$B:$B,$H$2+70)*1)) | K71: =IF($H$2="",NA(),IF(INDEX(CSV!$C:$C,$H$2+70)="",NA(),INDEX(CSV!$C:$C,$H$2+70)*1))
I72: =IF($H$2="",NA(),IF(INDEX(CSV!$A:$A,$H$2+71)="",NA(),INDEX(CSV!$A:$A,$H$2+71)*1)) | J72: =IF($H$2="",NA(),IF(INDEX(CSV!$B:$B,$H$2+71)="",NA(),INDEX(CSV!$B:$B,$H$2+71)*1)) | K72: =IF($H$2="",NA(),IF(INDEX(CSV!$C:$C,$H$2+71)="",NA(),INDEX(CSV!$C:$C,$H$2+71)*1))
I73: =IF($H$2="",NA(),IF(INDEX(CSV!$A:$A,$H$2+72)="",NA(),INDEX(CSV!$A:$A,$H$2+72)*1)) | J73: =IF($H$2="",NA(),IF(INDEX(CSV!$B:$B,$H$2+72)="",NA(),INDEX(CSV!$B:$B,$H$2+72)*1)) | K73: =IF($H$2="",NA(),IF(INDEX(CSV!$C:$C,$H$2+72)="",NA(),INDEX(CSV!$C:$C,$H$2+72)*1))
I74: =IF($H$2="",NA(),IF(INDEX(CSV!$A:$A,$H$2+73)="",NA(),INDEX(CSV!$A:$A,$H$2+73)*1)) | J74: =IF($H$2="",NA(),IF(INDEX(CSV!$B:$B,$H$2+73)="",NA(),INDEX(CSV!$B:$B,$H$2+73)*1)) | K74: =IF($H$2="",NA(),IF(INDEX(CSV!$C:$C,$H$2+73)="",NA(),INDEX(CSV!$C:$C,$H$2+73)*1))
I75: =IF($H$2="",NA(),IF(INDEX(CSV!$A:$A,$H$2+74)="",NA(),INDEX(CSV!$A:$A,$H$2+74)*1)) | J75: =IF($H$2="",NA(),IF(INDEX(CSV!$B:$B,$H$2+74)="",NA(),INDEX(CSV!$B:$B,$H$2+74)*1)) | K75: =IF($H$2="",NA(),IF(INDEX(CSV!$C:$C,$H$2+74)="",NA(),INDEX(CSV!$C:$C,$H$2+74)*1))
I76: =IF($H$2="",NA(),IF(INDEX(CSV!$A:$A,$H$2+75)="",NA(),INDEX(CSV!$A:$A,$H$2+75)*1)) | J76: =IF($H$2="",NA(),IF(INDEX(CSV!$B:$B,$H$2+75)="",NA(),INDEX(CSV!$B:$B,$H$2+75)*1)) | K76: =IF($H$2="",NA(),IF(INDEX(CSV!$C:$C,$H$2+75)="",NA(),INDEX(CSV!$C:$C,$H$2+75)*1))
I77: =IF($H$2="",NA(),IF(INDEX(CSV!$A:$A,$H$2+76)="",NA(),INDEX(CSV!$A:$A,$H$2+76)*1)) | J77: =IF($H$2="",NA(),IF(INDEX(CSV!$B:$B,$H$2+76)="",NA(),INDEX(CSV!$B:$B,$H$2+76)*1)) | K77: =IF($H$2="",NA(),IF(INDEX(CSV!$C:$C,$H$2+76)="",NA(),INDEX(CSV!$C:$C,$H$2+76)*1))
I78: =IF($H$2="",NA(),IF(INDEX(CSV!$A:$A,$H$2+77)="",NA(),INDEX(CSV!$A:$A,$H$2+77)*1)) | J78: =IF($H$2="",NA(),IF(INDEX(CSV!$B:$B,$H$2+77)="",NA(),INDEX(CSV!$B:$B,$H$2+77)*1)) | K78: =IF($H$2="",NA(),IF(INDEX(CSV!$C:$C,$H$2+77)="",NA(),INDEX(CSV!$C:$C,$H$2+77)*1))
I79: =IF($H$2="",NA(),IF(INDEX(CSV!$A:$A,$H$2+78)="",NA(),INDEX(CSV!$A:$A,$H$2+78)*1)) | J79: =IF($H$2="",NA(),IF(INDEX(CSV!$B:$B,$H$2+78)="",NA(),INDEX(CSV!$B:$B,$H$2+78)*1)) | K79: =IF($H$2="",NA(),IF(INDEX(CSV!$C:$C,$H$2+78)="",NA(),INDEX(CSV!$C:$C,$H$2+78)*1))
I80: =IF($H$2="",NA(),IF(INDEX(CSV!$A:$A,$H$2+79)="",NA(),INDEX(CSV!$A:$A,$H$2+79)*1)) | J80: =IF($H$2="",NA(),IF(INDEX(CSV!$B:$B,$H$2+79)="",NA(),INDEX(CSV!$B:$B,$H$2+79)*1)) | K80: =IF($H$2="",NA(),IF(INDEX(CSV!$C:$C,$H$2+79)="",NA(),INDEX(CSV!$C:$C,$H$2+79)*1))
I81: =IF($H$2="",NA(),IF(INDEX(CSV!$A:$A,$H$2+80)="",NA(),INDEX(CSV!$A:$A,$H$2+80)*1)) | J81: =IF($H$2="",NA(),IF(INDEX(CSV!$B:$B,$H$2+80)="",NA(),INDEX(CSV!$B:$B,$H$2+80)*1)) | K81: =IF($H$2="",NA(),IF(INDEX(CSV!$C:$C,$H$2+80)="",NA(),INDEX(CSV!$C:$C,$H$2+80)*1))
I82: =IF($H$2="",NA(),IF(INDEX(CSV!$A:$A,$H$2+81)="",NA(),INDEX(CSV!$A:$A,$H$2+81)*1)) | J82: =IF($H$2="",NA(),IF(INDEX(CSV!$B:$B,$H$2+81)="",NA(),INDEX(CSV!$B:$B,$H$2+81)*1)) | K82: =IF($H$2="",NA(),IF(INDEX(CSV!$C:$C,$H$2+81)="",NA(),INDEX(CSV!$C:$C,$H$2+81)*1))
I83: =IF($H$2="",NA(),IF(INDEX(CSV!$A:$A,$H$2+82)="",NA(),INDEX(CSV!$A:$A,$H$2+82)*1)) | J83: =IF($H$2="",NA(),IF(INDEX(CSV!$B:$B,$H$2+82)="",NA(),INDEX(CSV!$B:$B,$H$2+82)*1)) | K83: =IF($H$2="",NA(),IF(INDEX(CSV!$C:$C,$H$2+82)="",NA(),INDEX(CSV!$C:$C,$H$2+82)*1))
I84: =IF($H$2="",NA(),IF(INDEX(CSV!$A:$A,$H$2+83)="",NA(),INDEX(CSV!$A:$A,$H$2+83)*1)) | J84: =IF($H$2="",NA(),IF(INDEX(CSV!$B:$B,$H$2+83)="",NA(),INDEX(CSV!$B:$B,$H$2+83)*1)) | K84: =IF($H$2="",NA(),IF(INDEX(CSV!$C:$C,$H$2+83)="",NA(),INDEX(CSV!$C:$C,$H$2+83)*1))
I85: =IF($H$2="",NA(),IF(INDEX(CSV!$A:$A,$H$2+84)="",NA(),INDEX(CSV!$A:$A,$H$2+84)*1)) | J85: =IF($H$2="",NA(),IF(INDEX(CSV!$B:$B,$H$2+84)="",NA(),INDEX(CSV!$B:$B,$H$2+84)*1)) | K85: =IF($H$2="",NA(),IF(INDEX(CSV!$C:$C,$H$2+84)="",NA(),INDEX(CSV!$C:$C,$H$2+84)*1))
I86: =IF($H$2="",NA(),IF(INDEX(CSV!$A:$A,$H$2+85)="",NA(),INDEX(CSV!$A:$A,$H$2+85)*1)) | J86: =IF($H$2="",NA(),IF(INDEX(CSV!$B:$B,$H$2+85)="",NA(),INDEX(CSV!$B:$B,$H$2+85)*1)) | K86: =IF($H$2="",NA(),IF(INDEX(CSV!$C:$C,$H$2+85)="",NA(),INDEX(CSV!$C:$C,$H$2+85)*1))
I87: =IF($H$2="",NA(),IF(INDEX(CSV!$A:$A,$H$2+86)="",NA(),INDEX(CSV!$A:$A,$H$2+86)*1)) | J87: =IF($H$2="",NA(),IF(INDEX(CSV!$B:$B,$H$2+86)="",NA(),INDEX(CSV!$B:$B,$H$2+86)*1)) | K87: =IF($H$2="",NA(),IF(INDEX(CSV!$C:$C,$H$2+86)="",NA(),INDEX(CSV!$C:$C,$H$2+86)*1))
I88: =IF($H$2="",NA(),IF(INDEX(CSV!$A:$A,$H$2+87)="",NA(),INDEX(CSV!$A:$A,$H$2+87)*1)) | J88: =IF($H$2="",NA(),IF(INDEX(CSV!$B:$B,$H$2+87)="",NA(),INDEX(CSV!$B:$B,$H$2+87)*1)) | K88: =IF($H$2="",NA(),IF(INDEX(CSV!$C:$C,$H$2+87)="",NA(),INDEX(CSV!$C:$C,$H$2+87)*1))
I89: =IF($H$2="",NA(),IF(INDEX(CSV!$A:$A,$H$2+88)="",NA(),INDEX(CSV!$A:$A,$H$2+88)*1)) | J89: =IF($H$2="",NA(),IF(INDEX(CSV!$B:$B,$H$2+88)="",NA(),INDEX(CSV!$B:$B,$H$2+88)*1)) | K89: =IF($H$2="",NA(),IF(INDEX(CSV!$C:$C,$H$2+88)="",NA(),INDEX(CSV!$C:$C,$H$2+88)*1))
I90: =IF($H$2="",NA(),IF(INDEX(CSV!$A:$A,$H$2+89)="",NA(),INDEX(CSV!$A:$A,$H$2+89)*1)) | J90: =IF($H$2="",NA(),IF(INDEX(CSV!$B:$B,$H$2+89)="",NA(),INDEX(CSV!$B:$B,$H$2+89)*1)) | K90: =IF($H$2="",NA(),IF(INDEX(CSV!$C:$C,$H$2+89)="",NA(),INDEX(CSV!$C:$C,$H$2+89)*1))
I91: =IF($H$2="",NA(),IF(INDEX(CSV!$A:$A,$H$2+90)="",NA(),INDEX(CSV!$A:$A,$H$2+90)*1)) | J91: =IF($H$2="",NA(),IF(INDEX(CSV!$B:$B,$H$2+90)="",NA(),INDEX(CSV!$B:$B,$H$2+90)*1)) | K91: =IF($H$2="",NA(),IF(INDEX(CSV!$C:$C,$H$2+90)="",NA(),INDEX(CSV!$C:$C,$H$2+90)*1))
I92: =IF($H$2="",NA(),IF(INDEX(CSV!$A:$A,$H$2+91)="",NA(),INDEX(CSV!$A:$A,$H$2+91)*1)) | J92: =IF($H$2="",NA(),IF(INDEX(CSV!$B:$B,$H$2+91)="",NA(),INDEX(CSV!$B:$B,$H$2+91)*1)) | K92: =IF($H$2="",NA(),IF(INDEX(CSV!$C:$C,$H$2+91)="",NA(),INDEX(CSV!$C:$C,$H$2+91)*1))
I93: =IF($H$2="",NA(),IF(INDEX(CSV!$A:$A,$H$2+92)="",NA(),INDEX(CSV!$A:$A,$H$2+92)*1)) | J93: =IF($H$2="",NA(),IF(INDEX(CSV!$B:$B,$H$2+92)="",NA(),INDEX(CSV!$B:$B,$H$2+92)*1)) | K93: =IF($H$2="",NA(),IF(INDEX(CSV!$C:$C,$H$2+92)="",NA(),INDEX(CSV!$C:$C,$H$2+92)*1))
I94: =IF($H$2="",NA(),IF(INDEX(CSV!$A:$A,$H$2+93)="",NA(),INDEX(CSV!$A:$A,$H$2+93)*1)) | J94: =IF($H$2="",NA(),IF(INDEX(CSV!$B:$B,$H$2+93)="",NA(),INDEX(CSV!$B:$B,$H$2+93)*1)) | K94: =IF($H$2="",NA(),IF(INDEX(CSV!$C:$C,$H$2+93)="",NA(),INDEX(CSV!$C:$C,$H$2+93)*1))
I95: =IF($H$2="",NA(),IF(INDEX(CSV!$A:$A,$H$2+94)="",NA(),INDEX(CSV!$A:$A,$H$2+94)*1)) | J95: =IF($H$2="",NA(),IF(INDEX(CSV!$B:$B,$H$2+94)="",NA(),INDEX(CSV!$B:$B,$H$2+94)*1)) | K95: =IF($H$2="",NA(),IF(INDEX(CSV!$C:$C,$H$2+94)="",NA(),INDEX(CSV!$C:$C,$H$2+94)*1))
I96: =IF($H$2="",NA(),IF(INDEX(CSV!$A:$A,$H$2+95)="",NA(),INDEX(CSV!$A:$A,$H$2+95)*1)) | J96: =IF($H$2="",NA(),IF(INDEX(CSV!$B:$B,$H$2+95)="",NA(),INDEX(CSV!$B:$B,$H$2+95)*1)) | K96: =IF($H$2="",NA(),IF(INDEX(CSV!$C:$C,$H$2+95)="",NA(),INDEX(CSV!$C:$C,$H$2+95)*1))
I97: =IF($H$2="",NA(),IF(INDEX(CSV!$A:$A,$H$2+96)="",NA(),INDEX(CSV!$A:$A,$H$2+96)*1)) | J97: =IF($H$2="",NA(),IF(INDEX(CSV!$B:$B,$H$2+96)="",NA(),INDEX(CSV!$B:$B,$H$2+96)*1)) | K97: =IF($H$2="",NA(),IF(INDEX(CSV!$C:$C,$H$2+96)="",NA(),INDEX(CSV!$C:$C,$H$2+96)*1))
I98: =IF($H$2="",NA(),IF(INDEX(CSV!$A:$A,$H$2+97)="",NA(),INDEX(CSV!$A:$A,$H$2+97)*1)) | J98: =IF($H$2="",NA(),IF(INDEX(CSV!$B:$B,$H$2+97)="",NA(),INDEX(CSV!$B:$B,$H$2+97)*1)) | K98: =IF($H$2="",NA(),IF(INDEX(CSV!$C:$C,$H$2+97)="",NA(),INDEX(CSV!$C:$C,$H$2+97)*1))
I99: =IF($H$2="",NA(),IF(INDEX(CSV!$A:$A,$H$2+98)="",NA(),INDEX(CSV!$A:$A,$H$2+98)*1)) | J99: =IF($H$2="",NA(),IF(INDEX(CSV!$B:$B,$H$2+98)="",NA(),INDEX(CSV!$B:$B,$H$2+98)*1)) | K99: =IF($H$2="",NA(),IF(INDEX(CSV!$C:$C,$H$2+98)="",NA(),INDEX(CSV!$C:$C,$H$2+98)*1))
I100: =IF($H$2="",NA(),IF(INDEX(CSV!$A:$A,$H$2+99)="",NA(),INDEX(CSV!$A:$A,$H$2+99)*1)) | J100: =IF($H$2="",NA(),IF(INDEX(CSV!$B:$B,$H$2+99)="",NA(),INDEX(CSV!$B:$B,$H$2+99)*1)) | K100: =IF($H$2="",NA(),IF(INDEX(CSV!$C:$C,$H$2+99)="",NA(),INDEX(CSV!$C:$C,$H$2+99)*1))
...

Sheet CSV
A1: Importa aquí tu CSV: Archivo → Importar → Subir → Reemplazar la hoja actual
