Workbook

Sheet Resultados
A1: Nombre completo ✎ | H1: Encabezado en CSV | I1: Lectura (h) | J1: ="Real · "&$B$1 | K1: ="Registrada · "&$B$1
A2: Código de alumno ✎ | H2: =IFERROR(MATCH("fecha",CSV!$A:$A,0),"") | I2: =IF(ISNA(J2),NA(),0) | J2: =IF($H$2="",NA(),IFERROR(INDEX(CSV!$B:$B,$H$2+1)*1,NA())) | K2: =IF($H$2="",NA(),IFERROR(INDEX(CSV!$C:$C,$H$2+1)*1,NA()))
A3: Código en el CSV | B3: =IFERROR(VLOOKUP("codigo",CSV!$A:$B,2,FALSE),"") | I3: =IF(ISNA(J3),NA(),1) | J3: =IF($H$2="",NA(),IFERROR(INDEX(CSV!$B:$B,$H$2+2)*1,NA())) | K3: =IF($H$2="",NA(),IFERROR(INDEX(CSV!$C:$C,$H$2+2)*1,NA()))
A4: Verificación | B4: =IF(B3="","Importa tu CSV",IF(B2="","Escribe tu código",IF(TRIM(B3&"")=TRIM(B2&""),"OK","NO COINCIDE"))) | I4: =IF(ISNA(J4),NA(),2) | J4: =IF($H$2="",NA(),IFERROR(INDEX(CSV!$B:$B,$H$2+3)*1,NA())) | K4: =IF($H$2="",NA(),IFERROR(INDEX(CSV!$C:$C,$H$2+3)*1,NA()))
A5: Huella del cuaderno | B5: =IFERROR(VLOOKUP("huella",CSV!$A:$B,2,FALSE),"") | I5: =IF(ISNA(J5),NA(),3) | J5: =IF($H$2="",NA(),IFERROR(INDEX(CSV!$B:$B,$H$2+4)*1,NA())) | K5: =IF($H$2="",NA(),IFERROR(INDEX(CSV!$C:$C,$H$2+4)*1,NA()))
A6: Sesión | B6: =IFERROR(VLOOKUP("sesion",CSV!$A:$B,2,FALSE),"") | I6: =IF(ISNA(J6),NA(),4) | J6: =IF($H$2="",NA(),IFERROR(INDEX(CSV!$B:$B,$H$2+5)*1,NA())) | K6: =IF($H$2="",NA(),IFERROR(INDEX(CSV!$C:$C,$H$2+5)*1,NA()))
A7: Fuente de los datos | B7: =IFERROR(VLOOKUP("fuente",CSV!$A:$B,2,FALSE),"") | I7: =IF(ISNA(J7),NA(),5) | J7: =IF($H$2="",NA(),IFERROR(INDEX(CSV!$B:$B,$H$2+6)*1,NA())) | K7: =IF($H$2="",NA(),IFERROR(INDEX(CSV!$C:$C,$H$2+6)*1,NA()))
A8: Semana | B8: =IFERROR(VLOOKUP("semana",CSV!$A:$B,2,FALSE),"") | I8: =IF(ISNA(J8),NA(),6) | J8: =IF($H$2="",NA(),IFERROR(INDEX(CSV!$B:$B,$H$2+7)*1,NA())) | K8: =IF($H$2="",NA(),IFERROR(INDEX(CSV!$C:$C,$H$2+7)*1,NA()))
I9: =IF(ISNA(J9),NA(),7) | J9: =IF($H$2="",NA(),IFERROR(INDEX(CSV!$B:$B,$H$2+8)*1,NA())) | K9: =IF($H$2="",NA(),IFERROR(INDEX(CSV!$C:$C,$H$2+8)*1,NA()))
A10: Predicho contra obtenido | I10: =IF(ISNA(J10),NA(),8) | J10: =IF($H$2="",NA(),IFERROR(INDEX(CSV!$B:$B,$H$2+9)*1,NA())) | K10: =IF($H$2="",NA(),IFERROR(INDEX(CSV!$C:$C,$H$2+9)*1,NA()))
A11: LSB de tu convertidor (°C) | B11: =IFERROR(VLOOKUP("resultado:lsb_C",CSV!$A:$B,2,FALSE),"") | I11: =IF(ISNA(J11),NA(),9) | J11: =IF($H$2="",NA(),IFERROR(INDEX(CSV!$B:$B,$H$2+10)*1,NA())) | K11: =IF($H$2="",NA(),IFERROR(INDEX(CSV!$C:$C,$H$2+10)*1,NA()))
A12: Error máximo predicho, ejercicio 2 (°C) | B12: =IFERROR(VLOOKUP("resultado:error_predicho_C",CSV!$A:$B,2,FALSE),"") | I12: =IF(ISNA(J12),NA(),10) | J12: =IF($H$2="",NA(),IFERROR(INDEX(CSV!$B:$B,$H$2+11)*1,NA())) | K12: =IF($H$2="",NA(),IFERROR(INDEX(CSV!$C:$C,$H$2+11)*1,NA()))
A13: Error máximo obtenido con datos reales (°C) | B13: =IFERROR(VLOOKUP("resultado:error_obtenido_C",CSV!$A:$B,2,FALSE),"") | I13: =IF(ISNA(J13),NA(),11) | J13: =IF($H$2="",NA(),IFERROR(INDEX(CSV!$B:$B,$H$2+12)*1,NA())) | K13: =IF($H$2="",NA(),IFERROR(INDEX(CSV!$C:$C,$H$2+12)*1,NA()))
A14: Diferencia, obtenido contra predicho (%) | B14: =IF(OR(B12="",B13=""),"",(B13-B12)/B12*100) | I14: =IF(ISNA(J14),NA(),12) | J14: =IF($H$2="",NA(),IFERROR(INDEX(CSV!$B:$B,$H$2+13)*1,NA())) | K14: =IF($H$2="",NA(),IFERROR(INDEX(CSV!$C:$C,$H$2+13)*1,NA()))
A15: ¿El error obtenido queda dentro de lo predicho? | B15: =IF(B13="","",IF(B13<=B12,"Sí","No")) | I15: =IF(ISNA(J15),NA(),13) | J15: =IF($H$2="",NA(),IFERROR(INDEX(CSV!$B:$B,$H$2+14)*1,NA())) | K15: =IF($H$2="",NA(),IFERROR(INDEX(CSV!$C:$C,$H$2+14)*1,NA()))
I16: =IF(ISNA(J16),NA(),14) | J16: =IF($H$2="",NA(),IFERROR(INDEX(CSV!$B:$B,$H$2+15)*1,NA())) | K16: =IF($H$2="",NA(),IFERROR(INDEX(CSV!$C:$C,$H$2+15)*1,NA()))
A17: Preguntas del reporte ✎ | I17: =IF(ISNA(J17),NA(),15) | J17: =IF($H$2="",NA(),IFERROR(INDEX(CSV!$B:$B,$H$2+16)*1,NA())) | K17: =IF($H$2="",NA(),IFERROR(INDEX(CSV!$C:$C,$H$2+16)*1,NA()))
A18: 1. ¿Por qué el error obtenido no pasa de medio LSB? Usa tus números. | I18: =IF(ISNA(J18),NA(),16) | J18: =IF($H$2="",NA(),IFERROR(INDEX(CSV!$B:$B,$H$2+17)*1,NA())) | K18: =IF($H$2="",NA(),IFERROR(INDEX(CSV!$C:$C,$H$2+17)*1,NA()))
A19: 2. Para registrar la temperatura de un horno de reflujo (de 25 a 260 °C), ¿qué convertidor (bits) e intervalo elegirías y por qué? | I19: =IF(ISNA(J19),NA(),17) | J19: =IF($H$2="",NA(),IFERROR(INDEX(CSV!$B:$B,$H$2+18)*1,NA())) | K19: =IF($H$2="",NA(),IFERROR(INDEX(CSV!$C:$C,$H$2+18)*1,NA()))
I20: =IF(ISNA(J20),NA(),18) | J20: =IF($H$2="",NA(),IFERROR(INDEX(CSV!$B:$B,$H$2+19)*1,NA())) | K20: =IF($H$2="",NA(),IFERROR(INDEX(CSV!$C:$C,$H$2+19)*1,NA()))
A21: La gráfica se arma sola al importar tu CSV. Cambia su título por tu nombre (doble clic en el título); la leyenda ya lo toma de B1. | I21: =IF(ISNA(J21),NA(),19) | J21: =IF($H$2="",NA(),IFERROR(INDEX(CSV!$B:$B,$H$2+20)*1,NA())) | K21: =IF($H$2="",NA(),IFERROR(INDEX(CSV!$C:$C,$H$2+20)*1,NA()))
I22: =IF(ISNA(J22),NA(),20) | J22: =IF($H$2="",NA(),IFERROR(INDEX(CSV!$B:$B,$H$2+21)*1,NA())) | K22: =IF($H$2="",NA(),IFERROR(INDEX(CSV!$C:$C,$H$2+21)*1,NA()))
I23: =IF(ISNA(J23),NA(),21) | J23: =IF($H$2="",NA(),IFERROR(INDEX(CSV!$B:$B,$H$2+22)*1,NA())) | K23: =IF($H$2="",NA(),IFERROR(INDEX(CSV!$C:$C,$H$2+22)*1,NA()))
I24: =IF(ISNA(J24),NA(),22) | J24: =IF($H$2="",NA(),IFERROR(INDEX(CSV!$B:$B,$H$2+23)*1,NA())) | K24: =IF($H$2="",NA(),IFERROR(INDEX(CSV!$C:$C,$H$2+23)*1,NA()))
I25: =IF(ISNA(J25),NA(),23) | J25: =IF($H$2="",NA(),IFERROR(INDEX(CSV!$B:$B,$H$2+24)*1,NA())) | K25: =IF($H$2="",NA(),IFERROR(INDEX(CSV!$C:$C,$H$2+24)*1,NA()))
I26: =IF(ISNA(J26),NA(),24) | J26: =IF($H$2="",NA(),IFERROR(INDEX(CSV!$B:$B,$H$2+25)*1,NA())) | K26: =IF($H$2="",NA(),IFERROR(INDEX(CSV!$C:$C,$H$2+25)*1,NA()))
I27: =IF(ISNA(J27),NA(),25) | J27: =IF($H$2="",NA(),IFERROR(INDEX(CSV!$B:$B,$H$2+26)*1,NA())) | K27: =IF($H$2="",NA(),IFERROR(INDEX(CSV!$C:$C,$H$2+26)*1,NA()))
I28: =IF(ISNA(J28),NA(),26) | J28: =IF($H$2="",NA(),IFERROR(INDEX(CSV!$B:$B,$H$2+27)*1,NA())) | K28: =IF($H$2="",NA(),IFERROR(INDEX(CSV!$C:$C,$H$2+27)*1,NA()))
I29: =IF(ISNA(J29),NA(),27) | J29: =IF($H$2="",NA(),IFERROR(INDEX(CSV!$B:$B,$H$2+28)*1,NA())) | K29: =IF($H$2="",NA(),IFERROR(INDEX(CSV!$C:$C,$H$2+28)*1,NA()))
I30: =IF(ISNA(J30),NA(),28) | J30: =IF($H$2="",NA(),IFERROR(INDEX(CSV!$B:$B,$H$2+29)*1,NA())) | K30: =IF($H$2="",NA(),IFERROR(INDEX(CSV!$C:$C,$H$2+29)*1,NA()))
I31: =IF(ISNA(J31),NA(),29) | J31: =IF($H$2="",NA(),IFERROR(INDEX(CSV!$B:$B,$H$2+30)*1,NA())) | K31: =IF($H$2="",NA(),IFERROR(INDEX(CSV!$C:$C,$H$2+30)*1,NA()))
I32: =IF(ISNA(J32),NA(),30) | J32: =IF($H$2="",NA(),IFERROR(INDEX(CSV!$B:$B,$H$2+31)*1,NA())) | K32: =IF($H$2="",NA(),IFERROR(INDEX(CSV!$C:$C,$H$2+31)*1,NA()))
I33: =IF(ISNA(J33),NA(),31) | J33: =IF($H$2="",NA(),IFERROR(INDEX(CSV!$B:$B,$H$2+32)*1,NA())) | K33: =IF($H$2="",NA(),IFERROR(INDEX(CSV!$C:$C,$H$2+32)*1,NA()))
I34: =IF(ISNA(J34),NA(),32) | J34: =IF($H$2="",NA(),IFERROR(INDEX(CSV!$B:$B,$H$2+33)*1,NA())) | K34: =IF($H$2="",NA(),IFERROR(INDEX(CSV!$C:$C,$H$2+33)*1,NA()))
I35: =IF(ISNA(J35),NA(),33) | J35: =IF($H$2="",NA(),IFERROR(INDEX(CSV!$B:$B,$H$2+34)*1,NA())) | K35: =IF($H$2="",NA(),IFERROR(INDEX(CSV!$C:$C,$H$2+34)*1,NA()))
I36: =IF(ISNA(J36),NA(),34) | J36: =IF($H$2="",NA(),IFERROR(INDEX(CSV!$B:$B,$H$2+35)*1,NA())) | K36: =IF($H$2="",NA(),IFERROR(INDEX(CSV!$C:$C,$H$2+35)*1,NA()))
I37: =IF(ISNA(J37),NA(),35) | J37: =IF($H$2="",NA(),IFERROR(INDEX(CSV!$B:$B,$H$2+36)*1,NA())) | K37: =IF($H$2="",NA(),IFERROR(INDEX(CSV!$C:$C,$H$2+36)*1,NA()))
I38: =IF(ISNA(J38),NA(),36) | J38: =IF($H$2="",NA(),IFERROR(INDEX(CSV!$B:$B,$H$2+37)*1,NA())) | K38: =IF($H$2="",NA(),IFERROR(INDEX(CSV!$C:$C,$H$2+37)*1,NA()))
I39: =IF(ISNA(J39),NA(),37) | J39: =IF($H$2="",NA(),IFERROR(INDEX(CSV!$B:$B,$H$2+38)*1,NA())) | K39: =IF($H$2="",NA(),IFERROR(INDEX(CSV!$C:$C,$H$2+38)*1,NA()))
I40: =IF(ISNA(J40),NA(),38) | J40: =IF($H$2="",NA(),IFERROR(INDEX(CSV!$B:$B,$H$2+39)*1,NA())) | K40: =IF($H$2="",NA(),IFERROR(INDEX(CSV!$C:$C,$H$2+39)*1,NA()))
I41: =IF(ISNA(J41),NA(),39) | J41: =IF($H$2="",NA(),IFERROR(INDEX(CSV!$B:$B,$H$2+40)*1,NA())) | K41: =IF($H$2="",NA(),IFERROR(INDEX(CSV!$C:$C,$H$2+40)*1,NA()))
I42: =IF(ISNA(J42),NA(),40) | J42: =IF($H$2="",NA(),IFERROR(INDEX(CSV!$B:$B,$H$2+41)*1,NA())) | K42: =IF($H$2="",NA(),IFERROR(INDEX(CSV!$C:$C,$H$2+41)*1,NA()))
I43: =IF(ISNA(J43),NA(),41) | J43: =IF($H$2="",NA(),IFERROR(INDEX(CSV!$B:$B,$H$2+42)*1,NA())) | K43: =IF($H$2="",NA(),IFERROR(INDEX(CSV!$C:$C,$H$2+42)*1,NA()))
I44: =IF(ISNA(J44),NA(),42) | J44: =IF($H$2="",NA(),IFERROR(INDEX(CSV!$B:$B,$H$2+43)*1,NA())) | K44: =IF($H$2="",NA(),IFERROR(INDEX(CSV!$C:$C,$H$2+43)*1,NA()))
I45: =IF(ISNA(J45),NA(),43) | J45: =IF($H$2="",NA(),IFERROR(INDEX(CSV!$B:$B,$H$2+44)*1,NA())) | K45: =IF($H$2="",NA(),IFERROR(INDEX(CSV!$C:$C,$H$2+44)*1,NA()))
I46: =IF(ISNA(J46),NA(),44) | J46: =IF($H$2="",NA(),IFERROR(INDEX(CSV!$B:$B,$H$2+45)*1,NA())) | K46: =IF($H$2="",NA(),IFERROR(INDEX(CSV!$C:$C,$H$2+45)*1,NA()))
I47: =IF(ISNA(J47),NA(),45) | J47: =IF($H$2="",NA(),IFERROR(INDEX(CSV!$B:$B,$H$2+46)*1,NA())) | K47: =IF($H$2="",NA(),IFERROR(INDEX(CSV!$C:$C,$H$2+46)*1,NA()))
I48: =IF(ISNA(J48),NA(),46) | J48: =IF($H$2="",NA(),IFERROR(INDEX(CSV!$B:$B,$H$2+47)*1,NA())) | K48: =IF($H$2="",NA(),IFERROR(INDEX(CSV!$C:$C,$H$2+47)*1,NA()))
I49: =IF(ISNA(J49),NA(),47) | J49: =IF($H$2="",NA(),IFERROR(INDEX(CSV!$B:$B,$H$2+48)*1,NA())) | K49: =IF($H$2="",NA(),IFERROR(INDEX(CSV!$C:$C,$H$2+48)*1,NA()))
I50: =IF(ISNA(J50),NA(),48) | J50: =IF($H$2="",NA(),IFERROR(INDEX(CSV!$B:$B,$H$2+49)*1,NA())) | K50: =IF($H$2="",NA(),IFERROR(INDEX(CSV!$C:$C,$H$2+49)*1,NA()))
I51: =IF(ISNA(J51),NA(),49) | J51: =IF($H$2="",NA(),IFERROR(INDEX(CSV!$B:$B,$H$2+50)*1,NA())) | K51: =IF($H$2="",NA(),IFERROR(INDEX(CSV!$C:$C,$H$2+50)*1,NA()))
I52: =IF(ISNA(J52),NA(),50) | J52: =IF($H$2="",NA(),IFERROR(INDEX(CSV!$B:$B,$H$2+51)*1,NA())) | K52: =IF($H$2="",NA(),IFERROR(INDEX(CSV!$C:$C,$H$2+51)*1,NA()))
I53: =IF(ISNA(J53),NA(),51) | J53: =IF($H$2="",NA(),IFERROR(INDEX(CSV!$B:$B,$H$2+52)*1,NA())) | K53: =IF($H$2="",NA(),IFERROR(INDEX(CSV!$C:$C,$H$2+52)*1,NA()))
I54: =IF(ISNA(J54),NA(),52) | J54: =IF($H$2="",NA(),IFERROR(INDEX(CSV!$B:$B,$H$2+53)*1,NA())) | K54: =IF($H$2="",NA(),IFERROR(INDEX(CSV!$C:$C,$H$2+53)*1,NA()))
I55: =IF(ISNA(J55),NA(),53) | J55: =IF($H$2="",NA(),IFERROR(INDEX(CSV!$B:$B,$H$2+54)*1,NA())) | K55: =IF($H$2="",NA(),IFERROR(INDEX(CSV!$C:$C,$H$2+54)*1,NA()))
I56: =IF(ISNA(J56),NA(),54) | J56: =IF($H$2="",NA(),IFERROR(INDEX(CSV!$B:$B,$H$2+55)*1,NA())) | K56: =IF($H$2="",NA(),IFERROR(INDEX(CSV!$C:$C,$H$2+55)*1,NA()))
I57: =IF(ISNA(J57),NA(),55) | J57: =IF($H$2="",NA(),IFERROR(INDEX(CSV!$B:$B,$H$2+56)*1,NA())) | K57: =IF($H$2="",NA(),IFERROR(INDEX(CSV!$C:$C,$H$2+56)*1,NA()))
I58: =IF(ISNA(J58),NA(),56) | J58: =IF($H$2="",NA(),IFERROR(INDEX(CSV!$B:$B,$H$2+57)*1,NA())) | K58: =IF($H$2="",NA(),IFERROR(INDEX(CSV!$C:$C,$H$2+57)*1,NA()))
I59: =IF(ISNA(J59),NA(),57) | J59: =IF($H$2="",NA(),IFERROR(INDEX(CSV!$B:$B,$H$2+58)*1,NA())) | K59: =IF($H$2="",NA(),IFERROR(INDEX(CSV!$C:$C,$H$2+58)*1,NA()))
I60: =IF(ISNA(J60),NA(),58) | J60: =IF($H$2="",NA(),IFERROR(INDEX(CSV!$B:$B,$H$2+59)*1,NA())) | K60: =IF($H$2="",NA(),IFERROR(INDEX(CSV!$C:$C,$H$2+59)*1,NA()))
I61: =IF(ISNA(J61),NA(),59) | J61: =IF($H$2="",NA(),IFERROR(INDEX(CSV!$B:$B,$H$2+60)*1,NA())) | K61: =IF($H$2="",NA(),IFERROR(INDEX(CSV!$C:$C,$H$2+60)*1,NA()))
I62: =IF(ISNA(J62),NA(),60) | J62: =IF($H$2="",NA(),IFERROR(INDEX(CSV!$B:$B,$H$2+61)*1,NA())) | K62: =IF($H$2="",NA(),IFERROR(INDEX(CSV!$C:$C,$H$2+61)*1,NA()))
I63: =IF(ISNA(J63),NA(),61) | J63: =IF($H$2="",NA(),IFERROR(INDEX(CSV!$B:$B,$H$2+62)*1,NA())) | K63: =IF($H$2="",NA(),IFERROR(INDEX(CSV!$C:$C,$H$2+62)*1,NA()))
I64: =IF(ISNA(J64),NA(),62) | J64: =IF($H$2="",NA(),IFERROR(INDEX(CSV!$B:$B,$H$2+63)*1,NA())) | K64: =IF($H$2="",NA(),IFERROR(INDEX(CSV!$C:$C,$H$2+63)*1,NA()))
I65: =IF(ISNA(J65),NA(),63) | J65: =IF($H$2="",NA(),IFERROR(INDEX(CSV!$B:$B,$H$2+64)*1,NA())) | K65: =IF($H$2="",NA(),IFERROR(INDEX(CSV!$C:$C,$H$2+64)*1,NA()))
I66: =IF(ISNA(J66),NA(),64) | J66: =IF($H$2="",NA(),IFERROR(INDEX(CSV!$B:$B,$H$2+65)*1,NA())) | K66: =IF($H$2="",NA(),IFERROR(INDEX(CSV!$C:$C,$H$2+65)*1,NA()))
I67: =IF(ISNA(J67),NA(),65) | J67: =IF($H$2="",NA(),IFERROR(INDEX(CSV!$B:$B,$H$2+66)*1,NA())) | K67: =IF($H$2="",NA(),IFERROR(INDEX(CSV!$C:$C,$H$2+66)*1,NA()))
I68: =IF(ISNA(J68),NA(),66) | J68: =IF($H$2="",NA(),IFERROR(INDEX(CSV!$B:$B,$H$2+67)*1,NA())) | K68: =IF($H$2="",NA(),IFERROR(INDEX(CSV!$C:$C,$H$2+67)*1,NA()))
I69: =IF(ISNA(J69),NA(),67) | J69: =IF($H$2="",NA(),IFERROR(INDEX(CSV!$B:$B,$H$2+68)*1,NA())) | K69: =IF($H$2="",NA(),IFERROR(INDEX(CSV!$C:$C,$H$2+68)*1,NA()))
I70: =IF(ISNA(J70),NA(),68) | J70: =IF($H$2="",NA(),IFERROR(INDEX(CSV!$B:$B,$H$2+69)*1,NA())) | K70: =IF($H$2="",NA(),IFERROR(INDEX(CSV!$C:$C,$H$2+69)*1,NA()))
I71: =IF(ISNA(J71),NA(),69) | J71: =IF($H$2="",NA(),IFERROR(INDEX(CSV!$B:$B,$H$2+70)*1,NA())) | K71: =IF($H$2="",NA(),IFERROR(INDEX(CSV!$C:$C,$H$2+70)*1,NA()))
I72: =IF(ISNA(J72),NA(),70) | J72: =IF($H$2="",NA(),IFERROR(INDEX(CSV!$B:$B,$H$2+71)*1,NA())) | K72: =IF($H$2="",NA(),IFERROR(INDEX(CSV!$C:$C,$H$2+71)*1,NA()))
I73: =IF(ISNA(J73),NA(),71) | J73: =IF($H$2="",NA(),IFERROR(INDEX(CSV!$B:$B,$H$2+72)*1,NA())) | K73: =IF($H$2="",NA(),IFERROR(INDEX(CSV!$C:$C,$H$2+72)*1,NA()))
I74: =IF(ISNA(J74),NA(),72) | J74: =IF($H$2="",NA(),IFERROR(INDEX(CSV!$B:$B,$H$2+73)*1,NA())) | K74: =IF($H$2="",NA(),IFERROR(INDEX(CSV!$C:$C,$H$2+73)*1,NA()))
I75: =IF(ISNA(J75),NA(),73) | J75: =IF($H$2="",NA(),IFERROR(INDEX(CSV!$B:$B,$H$2+74)*1,NA())) | K75: =IF($H$2="",NA(),IFERROR(INDEX(CSV!$C:$C,$H$2+74)*1,NA()))
I76: =IF(ISNA(J76),NA(),74) | J76: =IF($H$2="",NA(),IFERROR(INDEX(CSV!$B:$B,$H$2+75)*1,NA())) | K76: =IF($H$2="",NA(),IFERROR(INDEX(CSV!$C:$C,$H$2+75)*1,NA()))
I77: =IF(ISNA(J77),NA(),75) | J77: =IF($H$2="",NA(),IFERROR(INDEX(CSV!$B:$B,$H$2+76)*1,NA())) | K77: =IF($H$2="",NA(),IFERROR(INDEX(CSV!$C:$C,$H$2+76)*1,NA()))
I78: =IF(ISNA(J78),NA(),76) | J78: =IF($H$2="",NA(),IFERROR(INDEX(CSV!$B:$B,$H$2+77)*1,NA())) | K78: =IF($H$2="",NA(),IFERROR(INDEX(CSV!$C:$C,$H$2+77)*1,NA()))
I79: =IF(ISNA(J79),NA(),77) | J79: =IF($H$2="",NA(),IFERROR(INDEX(CSV!$B:$B,$H$2+78)*1,NA())) | K79: =IF($H$2="",NA(),IFERROR(INDEX(CSV!$C:$C,$H$2+78)*1,NA()))
I80: =IF(ISNA(J80),NA(),78) | J80: =IF($H$2="",NA(),IFERROR(INDEX(CSV!$B:$B,$H$2+79)*1,NA())) | K80: =IF($H$2="",NA(),IFERROR(INDEX(CSV!$C:$C,$H$2+79)*1,NA()))
I81: =IF(ISNA(J81),NA(),79) | J81: =IF($H$2="",NA(),IFERROR(INDEX(CSV!$B:$B,$H$2+80)*1,NA())) | K81: =IF($H$2="",NA(),IFERROR(INDEX(CSV!$C:$C,$H$2+80)*1,NA()))
I82: =IF(ISNA(J82),NA(),80) | J82: =IF($H$2="",NA(),IFERROR(INDEX(CSV!$B:$B,$H$2+81)*1,NA())) | K82: =IF($H$2="",NA(),IFERROR(INDEX(CSV!$C:$C,$H$2+81)*1,NA()))
I83: =IF(ISNA(J83),NA(),81) | J83: =IF($H$2="",NA(),IFERROR(INDEX(CSV!$B:$B,$H$2+82)*1,NA())) | K83: =IF($H$2="",NA(),IFERROR(INDEX(CSV!$C:$C,$H$2+82)*1,NA()))
I84: =IF(ISNA(J84),NA(),82) | J84: =IF($H$2="",NA(),IFERROR(INDEX(CSV!$B:$B,$H$2+83)*1,NA())) | K84: =IF($H$2="",NA(),IFERROR(INDEX(CSV!$C:$C,$H$2+83)*1,NA()))
I85: =IF(ISNA(J85),NA(),83) | J85: =IF($H$2="",NA(),IFERROR(INDEX(CSV!$B:$B,$H$2+84)*1,NA())) | K85: =IF($H$2="",NA(),IFERROR(INDEX(CSV!$C:$C,$H$2+84)*1,NA()))
I86: =IF(ISNA(J86),NA(),84) | J86: =IF($H$2="",NA(),IFERROR(INDEX(CSV!$B:$B,$H$2+85)*1,NA())) | K86: =IF($H$2="",NA(),IFERROR(INDEX(CSV!$C:$C,$H$2+85)*1,NA()))
I87: =IF(ISNA(J87),NA(),85) | J87: =IF($H$2="",NA(),IFERROR(INDEX(CSV!$B:$B,$H$2+86)*1,NA())) | K87: =IF($H$2="",NA(),IFERROR(INDEX(CSV!$C:$C,$H$2+86)*1,NA()))
I88: =IF(ISNA(J88),NA(),86) | J88: =IF($H$2="",NA(),IFERROR(INDEX(CSV!$B:$B,$H$2+87)*1,NA())) | K88: =IF($H$2="",NA(),IFERROR(INDEX(CSV!$C:$C,$H$2+87)*1,NA()))
I89: =IF(ISNA(J89),NA(),87) | J89: =IF($H$2="",NA(),IFERROR(INDEX(CSV!$B:$B,$H$2+88)*1,NA())) | K89: =IF($H$2="",NA(),IFERROR(INDEX(CSV!$C:$C,$H$2+88)*1,NA()))
I90: =IF(ISNA(J90),NA(),88) | J90: =IF($H$2="",NA(),IFERROR(INDEX(CSV!$B:$B,$H$2+89)*1,NA())) | K90: =IF($H$2="",NA(),IFERROR(INDEX(CSV!$C:$C,$H$2+89)*1,NA()))
I91: =IF(ISNA(J91),NA(),89) | J91: =IF($H$2="",NA(),IFERROR(INDEX(CSV!$B:$B,$H$2+90)*1,NA())) | K91: =IF($H$2="",NA(),IFERROR(INDEX(CSV!$C:$C,$H$2+90)*1,NA()))
I92: =IF(ISNA(J92),NA(),90) | J92: =IF($H$2="",NA(),IFERROR(INDEX(CSV!$B:$B,$H$2+91)*1,NA())) | K92: =IF($H$2="",NA(),IFERROR(INDEX(CSV!$C:$C,$H$2+91)*1,NA()))
I93: =IF(ISNA(J93),NA(),91) | J93: =IF($H$2="",NA(),IFERROR(INDEX(CSV!$B:$B,$H$2+92)*1,NA())) | K93: =IF($H$2="",NA(),IFERROR(INDEX(CSV!$C:$C,$H$2+92)*1,NA()))
I94: =IF(ISNA(J94),NA(),92) | J94: =IF($H$2="",NA(),IFERROR(INDEX(CSV!$B:$B,$H$2+93)*1,NA())) | K94: =IF($H$2="",NA(),IFERROR(INDEX(CSV!$C:$C,$H$2+93)*1,NA()))
I95: =IF(ISNA(J95),NA(),93) | J95: =IF($H$2="",NA(),IFERROR(INDEX(CSV!$B:$B,$H$2+94)*1,NA())) | K95: =IF($H$2="",NA(),IFERROR(INDEX(CSV!$C:$C,$H$2+94)*1,NA()))
I96: =IF(ISNA(J96),NA(),94) | J96: =IF($H$2="",NA(),IFERROR(INDEX(CSV!$B:$B,$H$2+95)*1,NA())) | K96: =IF($H$2="",NA(),IFERROR(INDEX(CSV!$C:$C,$H$2+95)*1,NA()))
I97: =IF(ISNA(J97),NA(),95) | J97: =IF($H$2="",NA(),IFERROR(INDEX(CSV!$B:$B,$H$2+96)*1,NA())) | K97: =IF($H$2="",NA(),IFERROR(INDEX(CSV!$C:$C,$H$2+96)*1,NA()))
I98: =IF(ISNA(J98),NA(),96) | J98: =IF($H$2="",NA(),IFERROR(INDEX(CSV!$B:$B,$H$2+97)*1,NA())) | K98: =IF($H$2="",NA(),IFERROR(INDEX(CSV!$C:$C,$H$2+97)*1,NA()))
I99: =IF(ISNA(J99),NA(),97) | J99: =IF($H$2="",NA(),IFERROR(INDEX(CSV!$B:$B,$H$2+98)*1,NA())) | K99: =IF($H$2="",NA(),IFERROR(INDEX(CSV!$C:$C,$H$2+98)*1,NA()))
I100: =IF(ISNA(J100),NA(),98) | J100: =IF($H$2="",NA(),IFERROR(INDEX(CSV!$B:$B,$H$2+99)*1,NA())) | K100: =IF($H$2="",NA(),IFERROR(INDEX(CSV!$C:$C,$H$2+99)*1,NA()))
...

Sheet CSV
A1: Importa aquí tu CSV: Archivo → Importar → Subir → Reemplazar la hoja actual
